City_ID,City,Lat,Lng,Max Temp,Humidity,Cloudiness,Wind Speed,Country,Date
0,pachino,36.7186,15.0907,25.87,67,0,9.52,IT,1724109157
1,saldanha,-33.0117,17.9442,12.59,86,0,3.03,ZA,1724109158
2,port elizabeth,-33.918,25.5701,16.29,63,0,2.06,ZA,1724109161
3,belmonte,-15.8631,-38.8828,22.43,86,46,3.51,BR,1724109162
4,port-aux-francais,-49.35,70.2167,3.2,81,54,15.81,TF,1724109163
5,saint-denis,48.9167,2.3333,18.01,74,0,2.06,FR,1724109164
6,svetlyy,54.675,20.1347,14.99,85,79,2.43,RU,1724109165
7,klyuchi,52.2667,79.1667,15.56,73,87,3.27,RU,1724109166
8,lihue,21.9789,-159.3672,28.77,67,20,6.69,US,1724109167
9,minusinsk,53.7103,91.6875,12.01,86,3,1.62,RU,1724109169
10,saint-pierre,-21.3393,55.4781,19.82,56,20,3.09,RE,1724109170
11,edinburgh of the seven seas,-37.0676,-12.3116,8.04,62,27,7.95,SH,1724109171
12,puerto natales,-51.7236,-72.4875,1.03,92,6,1.55,CL,1724109172
13,longyearbyen,78.2186,15.6401,10.91,76,75,7.2,SJ,1724109173
14,avarua,-21.2078,-159.775,25.03,69,75,9.26,CK,1724109174
15,el alamo,40.2307,-3.9945,29.53,25,0,3.96,ES,1724109175
16,buala,-8.145,159.5921,25.74,88,97,4.55,SB,1724109176
17,nahiyat al fuhud,30.9697,46.7228,38.89,15,0,6.33,IQ,1724109178
18,gulf shores,30.246,-87.7008,34.47,40,0,3.6,US,1724109179
19,albany,42.6001,-73.9662,19.75,89,91,5.36,US,1724108993
20,adamstown,-25.066,-130.1015,18.63,66,26,10.53,PN,1724109181
21,badger,64.8,-147.5333,12.14,83,100,9.77,US,1724109182
22,dwarka,22.2394,68.9678,27.39,84,94,4.57,IN,1724109183
23,grytviken,-54.2811,-36.5092,-9.16,81,30,6.89,GS,1724109185
24,uturoa,-16.7333,-151.4333,24.82,70,61,12.73,PF,1724109186
25,qaqortoq,60.7167,-46.0333,4.43,84,100,1.84,GL,1724109187
26,iqaluit,63.7506,-68.5145,10.85,81,100,5.14,CA,1724108981
27,khorinsk,52.1657,109.7726,16.95,64,97,1.15,RU,1724109189
28,garoowe,8.4054,48.4845,27.37,40,90,12.15,SO,1724109190
29,ushuaia,-54.8,-68.3,4.81,65,0,14.4,AR,1724109191
30,waitangi,-43.9535,-176.5597,6.01,78,99,6.71,NZ,1724109192
31,susuman,62.7833,148.1667,13.64,51,44,1.77,RU,1724109194
32,aripuana,-9.1667,-60.6333,29.2,33,15,0.73,BR,1724109195
33,fort bragg,35.139,-79.006,30.91,48,0,2.57,US,1724109086
34,praia da vitoria,38.7333,-27.0667,25.14,88,20,2.54,PT,1724109197
35,west island,-12.1568,96.8225,25.99,83,95,6.17,CC,1724109198
36,blackmans bay,-43.0167,147.3167,6.96,92,82,2.64,AU,1724109199
37,utrik,11.2278,169.8474,27.67,81,100,6.4,MH,1724109200
38,papatowai,-46.5619,169.4708,8.2,78,86,7.35,NZ,1724109202
39,levuka,50.1834,-105.4011,28.84,41,100,5.44,CA,1724109203
40,bredasdorp,-34.5322,20.0403,8.74,89,2,0.97,ZA,1724109204
41,fort-shevchenko,44.5086,50.263,24.44,50,0,5.9,KZ,1724109205
42,mount pearl,47.5166,-52.7813,20.81,98,100,4.12,CA,1724109206
43,alakurtti,66.9672,30.3491,9.46,93,79,5.41,RU,1724109207
44,tiksi,71.6872,128.8694,2.98,90,100,4.38,RU,1724109208
45,sao vicente,-23.9631,-46.3919,23.94,58,0,2.21,BR,1724109210
46,bilibino,68.0546,166.4372,8.34,75,100,5.49,RU,1724109211
47,punta arenas,-53.15,-70.9167,4.06,81,0,8.23,CL,1724109212
48,sitka,57.0531,-135.33,14.94,94,100,4.63,US,1724109213
49,new norfolk,-42.7826,147.0587,7.62,80,97,1.13,AU,1724109215
50,qui nhon,13.7667,109.2333,26.89,76,100,1.12,VN,1724109216
51,hawaiian paradise park,19.5933,-154.9731,29.29,75,40,5.14,US,1724109218
52,san antonio de pale,-1.4014,5.6325,23.64,87,100,6.61,GQ,1724109219
53,gereida,11.2811,25.1414,24.2,76,62,3.35,SD,1724109220
54,genhe,50.7833,121.5167,14.15,53,0,0.37,CN,1724109221
55,invercargill,-46.4,168.35,7.23,88,95,3.58,NZ,1724109222
56,salihorsk,52.7876,27.5415,20.25,84,87,2.33,BY,1724109223
57,igarka,67.4667,86.5833,11.1,91,36,1.13,RU,1724109224
58,wailua homesteads,22.0669,-159.378,28.44,70,20,6.69,US,1724109226
59,port saint john's,-31.6229,29.5448,18.36,65,0,3.08,ZA,1724109227
60,ciudad guayana,8.3533,-62.6528,25.87,81,73,1.93,VE,1724109040
61,tadine,-21.55,167.8833,22.19,69,55,5.73,NC,1724109229
62,bethel,41.3712,-73.414,23.36,87,61,3.89,US,1724109230
63,hermanus,-34.4187,19.2345,12.39,84,2,1.33,ZA,1724109231
64,altamont,42.2068,-121.7372,28.21,31,0,6.69,US,1724109232
65,kavaratti,10.5669,72.642,25.91,90,100,10.49,IN,1724109233
66,tome,-36.6167,-72.95,8.34,66,100,1.53,CL,1724109235
67,santa ana de yacuma,-13.75,-65.4333,31.97,48,0,1.03,BO,1724109236
68,jamestown,42.097,-79.2353,14.45,95,100,3.6,US,1724109073
69,priargunsk,50.3691,119.1012,15.57,42,0,1.04,RU,1724109238
70,lazaro cardenas,17.9583,-102.2,30.68,64,100,0.52,MX,1724109239
71,enewetak,11.3474,162.3373,28.68,79,34,6.33,MH,1724109240
72,yellowknife,62.456,-114.3525,20.79,64,6,8.05,CA,1724108983
73,talnakh,69.4865,88.3972,12.32,85,69,0.81,RU,1724109243
74,puerto ayora,-0.7393,-90.3518,20.31,86,67,3.58,EC,1724109244
75,merowe,18.4833,31.8167,29.79,57,98,4.68,SD,1724109245
76,ribeira grande,38.5167,-28.7,24.87,86,10,1.34,PT,1724109246
77,flin flon,54.7682,-101.865,24.91,53,100,5.14,CA,1724108673
78,stanley,54.868,-1.6985,17.01,83,20,7.72,GB,1724109248
79,margaret river,-33.95,115.0667,14.43,67,100,6.95,AU,1724109249
80,myitkyina,25.3833,97.4,22.82,99,100,0.65,MM,1724109251
81,rabo de peixe,37.8,-25.5833,22.73,83,20,2.06,PT,1724109252
82,grand falls-windsor,48.9332,-55.6649,19.71,98,100,1.2,CA,1724109253
83,kyzyl,51.7,94.45,13.85,81,25,2.09,RU,1724109254
84,kapa'a,22.0752,-159.319,29.18,69,20,6.69,US,1724109255
85,al khafji,28.4391,48.4913,33.95,57,5,3.59,SA,1724109256
86,tosontsengel,48.7567,98.2839,13.41,82,100,1.34,MN,1724109257
87,pikalevo,59.5183,34.1664,11.06,99,87,1.75,RU,1724109258
88,khurja,28.25,77.85,28.83,72,97,2.5,IN,1724109260
89,nisia floresta,-6.0911,-35.2086,22.21,86,45,3.52,BR,1724109261
90,sinan,34.8262,126.1086,25.55,88,100,5.53,KR,1724109262
91,ariquemes,-9.9133,-63.0408,30.27,41,87,1.17,BR,1724109229
92,gadzhiyevo,69.2551,33.3362,12.2,86,100,2.47,RU,1724109264
93,pangai,-19.8,-174.35,25.06,78,75,1.03,TO,1724109265
94,batticaloa,7.7102,81.6924,25.16,93,99,2.7,LK,1724109266
95,yanam,16.7333,82.2167,26.19,93,100,1.96,IN,1724109268
96,port lincoln,-34.7333,135.8667,14.14,85,93,10.31,AU,1724109269
97,khandyga,62.6667,135.6,15.92,64,100,1.51,RU,1724109271
98,ilulissat,69.2167,-51.1,6.01,61,75,2.06,GL,1724109272
99,yershov,51.3513,48.2766,20.79,46,36,3.02,RU,1724109274
100,najran,17.4924,44.1277,30.33,23,88,2.84,SA,1724109275
101,ha'il,27.5219,41.6907,35.01,17,0,4.12,SA,1724109276
102,san fernando de apure,7.8878,-67.4724,27.18,77,8,0.29,VE,1724109277
103,lycksele,64.5954,18.6735,6.93,93,97,0.0,SE,1724109278
104,khromtau,50.2503,58.4347,14.75,87,1,4.55,KZ,1724109279
105,lebu,-37.6167,-73.65,6.62,73,15,4.07,CL,1724109280
106,tura,25.5198,90.2201,23.1,98,100,1.74,IN,1724109281
107,freetown,8.484,-13.2299,25.84,94,75,4.12,SL,1724109284
108,scottsboro,34.6723,-86.0341,34.05,59,20,3.09,US,1724109285
109,laojunmiao,39.8333,97.7333,16.28,33,1,5.13,CN,1724109286
110,muisne,0.6,-80.0333,24.19,82,54,2.72,EC,1724109287
111,tazovsky,67.4667,78.7,6.48,90,32,2.68,RU,1724109289
112,lompoc,34.6391,-120.4579,25.88,68,0,5.66,US,1724109290
113,aasiaat,68.7098,-52.8699,2.51,78,100,2.15,GL,1724109291
114,acapulco de juarez,16.8634,-99.8901,30.9,66,75,3.6,MX,1724109090
115,georgetown,5.4112,100.3354,26.64,87,40,5.14,MY,1724109276
116,whitehorse,60.7161,-135.0538,24.45,32,75,8.23,CA,1724109294
117,gebeit,21.0667,36.3167,31.36,30,54,2.6,SD,1724109295
118,vilyuchinsk,52.9306,158.4028,13.15,73,99,2.33,RU,1724109297
119,wajir,1.7471,40.0573,24.43,55,17,7.12,KE,1724109298
120,el carmen,8.5106,-73.4478,23.04,85,37,1.49,CO,1724109299
121,colonia menno,-22.3667,-59.8167,34.17,20,64,4.71,PY,1724109300
122,luderitz,-26.6481,15.1594,15.55,58,0,3.4,NA,1724109301
123,las animas,-39.8087,-73.2182,8.08,96,97,1.13,CL,1724109302
124,phan rang-thap cham,11.5667,108.9833,25.23,86,90,0.89,VN,1724109303
125,kitimat,54.0524,-128.6534,18.84,67,100,4.47,CA,1724109305
126,olonkinbyen,70.9221,-8.7187,3.41,96,100,5.79,SJ,1724109306
127,tual,-5.6667,132.75,25.59,87,65,7.8,ID,1724109276
128,korla,41.7597,86.1469,27.0,36,100,4.56,CN,1724109308
129,masterton,-40.9597,175.6575,5.88,82,100,1.21,NZ,1724109309
130,hamilton,39.1834,-84.5333,24.32,58,75,5.14,US,1724109241
131,katsuura,35.1333,140.3,26.87,88,100,5.03,JP,1724109311
132,coxim,-18.5067,-54.76,30.44,19,75,0.81,BR,1724109313
133,huaibei,33.9744,116.7917,24.32,95,82,2.37,CN,1724109314
134,zhaoyuan,37.3592,120.3964,24.43,92,100,3.61,CN,1724109315
135,afaahiti,-17.75,-149.2833,23.07,64,94,12.44,PF,1724109316
136,pandan,14.0453,124.1694,28.01,78,77,1.84,PH,1724109317
137,smithers,54.7804,-127.1743,23.18,40,75,1.54,CA,1724109319
138,cockburn town,21.4612,-71.1419,28.77,83,6,8.64,TC,1724109321
139,howard springs,-12.497,131.047,26.6,72,16,2.84,AU,1724109322
140,acarau,-2.8856,-40.12,25.3,84,42,7.35,BR,1724109323
141,udachny,66.4167,112.4,15.11,70,31,5.9,RU,1724109324
142,st. john's,47.5649,-52.7093,21.27,99,100,4.12,CA,1724109254
143,kapuskasing,49.4169,-82.4331,15.05,55,20,5.14,CA,1724109326
144,mirny,62.5353,113.9611,16.45,73,83,2.4,RU,1724109327
145,perugorria,-29.3413,-58.6106,18.49,77,86,5.49,AR,1724109329
146,sandnessjoen,66.0217,12.6316,12.74,84,100,7.52,NO,1724109330
147,pacific grove,36.6177,-121.9166,21.82,74,0,4.12,US,1724109331
148,nova sintra,14.8667,-24.7167,26.77,80,8,2.9,CV,1724109332
149,iskateley,67.6803,53.1512,7.87,82,100,0.61,RU,1724109333
150,castillos,-34.1667,-53.8333,12.43,91,84,5.51,UY,1724109334
151,mahajanga,-15.7167,46.3167,21.01,64,20,2.06,MG,1724109335
152,williams lake,52.1415,-122.1445,23.92,35,40,1.54,CA,1724109336
153,mitu,1.1983,-70.1733,25.54,69,61,1.01,CO,1724109338
154,constantia,44.1833,28.65,20.39,76,1,1.4,RO,1724109339
155,waiuku,-37.25,174.75,14.81,70,100,4.73,NZ,1724109340
156,ilebo,-4.3167,20.5833,23.55,38,4,0.57,CD,1724109341
157,shimokizukuri,40.8061,140.3861,26.17,83,63,1.12,JP,1724109342
158,soio,-6.1349,12.3689,21.07,92,64,2.41,AO,1724109343
159,christchurch,-43.5333,172.6333,10.74,50,4,3.09,NZ,1724108738
160,ust-tsilma,65.441,52.1498,9.56,84,52,1.41,RU,1724109250
161,kavieng,-2.5744,150.7967,28.72,74,79,5.46,PG,1724109347
162,el calafate,-50.3408,-72.2768,2.38,65,3,0.92,AR,1724109228
163,port alfred,-33.5906,26.891,19.43,47,0,3.29,ZA,1724109349
164,college,64.8569,-147.8028,11.97,80,100,4.63,US,1724109350
165,arteche,12.2645,125.4048,26.78,89,3,1.8,PH,1724109351
166,khasab,26.1799,56.2477,30.35,69,94,2.77,OM,1724109352
167,digne-les-bains,44.0833,6.25,17.77,73,8,1.78,FR,1724109354
168,san patricio,28.017,-97.5169,33.97,40,16,6.47,US,1724109355
169,arkhangel'sk,64.5401,40.5433,14.06,100,75,2.0,RU,1724109356
170,hithadhoo,-0.6,73.0833,28.09,78,88,6.18,MV,1724109357
171,taitung city,22.7583,121.1444,27.15,83,75,0.51,TW,1724109358
172,okha,53.5739,142.9478,17.89,64,74,5.71,RU,1724109359
173,techiman,7.5862,-1.9414,23.32,85,100,2.72,GH,1724109360
174,sao joao da barra,-21.6403,-41.0511,24.05,77,21,12.25,BR,1724109362
175,port mathurin,-19.6833,63.4167,21.75,59,91,11.09,MU,1724109363
176,egilsstadir,65.2653,-14.3948,5.95,93,100,5.66,IS,1724109364
177,kayar,14.9192,-17.1211,26.53,85,93,5.04,SN,1724109366
178,argo,37.6333,22.7333,25.29,65,0,1.51,GR,1724109367
179,cape coast,5.1053,-1.2466,23.32,91,98,5.96,GH,1724109368
180,murghob,38.1702,73.9667,9.0,49,94,2.0,TJ,1724109370
181,port isabel,26.0734,-97.2086,33.02,75,0,6.17,US,1724109371
182,baymak,52.5933,58.3225,11.47,92,5,2.16,RU,1724109372
183,atafu village,-8.5421,-172.5159,28.17,77,36,9.81,TK,1724109373
184,anadyr,64.75,177.4833,13.28,58,20,6.0,RU,1724109374
185,longboat key,27.4125,-82.659,31.16,62,20,4.12,US,1724109375
186,montepuez,-13.1256,38.9997,18.96,78,15,3.16,MZ,1724109376
187,thunder bay,48.4001,-89.3168,19.34,43,1,2.04,CA,1724109104
188,nieves,15.3274,120.9485,25.38,90,100,1.02,PH,1724109379
189,boguchany,58.3814,97.4531,14.17,97,100,1.74,RU,1724109380
190,uliastay,47.7417,96.8444,14.37,72,96,1.11,MN,1724109381
191,undurkhaan,47.3194,110.6556,14.1,95,100,4.37,MN,1724109383
192,guayaramerin,-10.8368,-65.3614,32.59,30,98,1.33,BO,1724109384
193,khark,29.2614,50.3306,32.74,82,2,3.31,IR,1724109385
194,hechuan,29.9947,106.2572,27.3,74,2,0.48,CN,1724109387
195,dongcun,36.7767,121.1597,25.35,94,100,2.4,CN,1724109388
196,uchkeken,43.9378,42.5117,16.99,62,1,2.36,RU,1724109389
197,oxapampa,-10.5775,-75.4017,17.29,76,89,1.04,PE,1724109390
198,alice springs,-23.7,133.8833,19.75,34,0,0.0,AU,1724109391
199,kerikeri,-35.2268,173.9474,14.95,79,99,2.68,NZ,1724109392
200,juneau,58.3019,-134.4197,14.67,98,100,5.66,US,1724109393
201,brisas barra de suchiate,14.55,-92.2167,28.0,77,54,2.48,MX,1724109395
202,saudarkrokur,65.7461,-19.6394,5.22,97,100,4.46,IS,1724109396
203,isafjordur,66.0755,-23.124,3.45,88,34,1.47,IS,1724109397
204,ust-nera,64.5667,143.2,14.85,62,13,2.37,RU,1724109398
205,hakha,22.65,93.6167,17.96,99,100,0.5,MM,1724109399
206,ar ruways,24.1103,52.7306,34.96,48,90,2.88,AE,1724109400
207,domna,51.8971,113.1573,14.09,82,40,2.0,RU,1724109401
208,prokuplje,43.2342,21.5881,20.6,90,100,0.56,RS,1724109403
209,juru,5.312,100.4423,26.65,84,40,5.14,MY,1724109404
210,neiafu,-18.65,-173.9833,28.38,74,40,4.63,TO,1724109405
211,moose jaw,50.4001,-105.5344,30.79,41,99,5.02,CA,1724109122
212,labrador city,52.9463,-66.9114,11.95,66,75,11.18,CA,1724109313
213,tolanaro,-25.0319,46.9987,20.04,83,20,4.12,MG,1724109409
214,beau vallon,-20.4189,57.6953,21.13,64,75,5.14,MU,1724109412
215,coruripe,-10.1256,-36.1756,22.32,84,100,3.73,BR,1724109413
216,joal-fadiout,14.1667,-16.8333,27.4,82,100,6.05,SN,1724109414
217,puerto varas,-41.3195,-72.9854,9.12,53,0,1.54,CL,1724109415
218,heroica caborca,30.7167,-112.15,40.72,25,10,6.73,MX,1724109416
219,inhambane,-23.865,35.3833,18.93,78,0,3.59,MZ,1724109417
220,preobrazheniye,42.9019,133.9064,17.17,93,100,4.76,RU,1724109418
221,hami,42.8,93.45,26.75,36,100,1.65,CN,1724109420
222,manohar thana,24.24,76.8018,26.98,79,99,1.01,IN,1724109421
223,tuy hoa,13.0833,109.3,25.51,82,91,2.0,VN,1724109422
224,dnipro,48.45,34.9833,22.64,24,35,1.65,UA,1724109423
225,kodiak,57.79,-152.4072,13.73,58,0,7.2,US,1724109424
226,ceeldheer,3.8488,47.1806,24.39,83,96,10.41,SO,1724109427
227,quellon,-43.1167,-73.6167,5.63,73,0,1.28,CL,1724109428
228,champerico,14.3,-91.9167,28.89,72,27,2.06,GT,1724109429
229,aykhal,66.0,111.5,13.2,76,26,6.5,RU,1724109430
230,dunedin,-45.8742,170.5036,7.67,62,88,4.02,NZ,1724109431
231,moanda,-1.5575,13.2178,23.56,79,90,1.57,GA,1724109432
232,fale old settlement,-9.3852,-171.2468,27.6,79,37,9.97,TK,1724109434
233,howrah,22.5892,88.3103,27.0,94,40,0.0,IN,1724109435
234,muntok,-2.0667,105.1833,25.13,90,68,4.68,ID,1724109436
235,thompson,55.7435,-97.8558,22.09,53,75,3.09,CA,1724109437
236,nabire,-3.3667,135.4833,25.23,93,100,1.53,ID,1724109438
237,salinopolis,-0.6136,-47.3561,26.88,80,97,6.03,BR,1724109439
238,mount isa,-20.7333,139.5,20.87,26,0,1.54,AU,1724109441
239,codrington,-38.2667,141.9667,12.27,84,100,6.05,AU,1724109442
240,sinabang,2.4803,96.3801,23.46,94,100,1.94,ID,1724109443
241,molochnoye,59.2917,39.6787,13.58,77,100,2.76,RU,1724109444
242,novyy turtkul',41.55,61.0167,21.88,35,0,3.88,UZ,1724109445
243,pugachev,52.0133,48.8025,18.96,54,14,1.36,RU,1724109446
244,novokuznetsk,53.7557,87.1099,12.24,90,62,1.82,RU,1724109436
245,verkhnevilyuysk,63.4453,120.3167,17.13,85,89,1.58,RU,1724109450
246,sodra sandby,56.5667,16.6167,14.94,81,0,2.48,SE,1724109451
247,molteno,-31.3968,26.3625,11.8,16,0,3.76,ZA,1724109452
248,tanjung pinang,0.9167,104.45,26.97,81,100,3.7,ID,1724109453
249,shalya,57.2471,58.7298,10.0,97,9,1.45,RU,1724109454
250,polyarnyy,69.1989,33.4478,11.86,88,100,2.36,RU,1724109457
251,nyala,12.05,24.8833,23.77,75,93,3.9,SD,1724109458
252,fort wellington,6.4,-57.6,27.3,77,2,4.8,GY,1724109459
253,port hedland,-20.3167,118.5667,16.03,77,0,3.6,AU,1724109460
254,kupang,-10.1667,123.5833,26.32,78,20,3.6,ID,1724109461
255,nikolayevsk-on-amure,53.1406,140.73,18.73,57,3,2.53,RU,1724109462
256,remire-montjoly,4.9167,-52.2667,28.02,78,0,2.06,GF,1724109463
257,santa marta,11.2408,-74.199,34.03,55,100,3.09,CO,1724109458
258,mariental,-24.6333,17.9667,18.52,13,0,5.64,NA,1724109466
259,inari,68.906,27.0288,9.89,84,99,3.59,FI,1724109467
260,xiaoweizhai,26.1903,107.5125,21.61,93,72,0.9,CN,1724109468
261,puerto baquerizo moreno,-0.9,-89.6,19.76,80,65,5.52,EC,1724109469
262,san nicolas,18.1725,120.5953,25.95,94,75,2.57,PH,1724109470
263,horta,38.5333,-28.6333,24.45,86,20,1.34,PT,1724109471
264,formosa do rio preto,-11.0483,-45.1931,23.96,35,77,2.07,BR,1724109473
265,rio grande,-32.035,-52.0986,14.87,95,85,5.94,BR,1724109474
266,la ronge,55.1001,-105.2842,22.14,64,75,4.12,CA,1724109475
267,hilo,19.7297,-155.09,28.86,79,40,5.14,US,1724109476
268,sebeta,8.9167,38.6167,11.75,93,82,2.33,ET,1724109477
269,mhamid,29.82,-5.72,37.03,19,76,4.72,MA,1724109478
270,ta`u,-14.2336,-169.5144,26.29,82,29,9.29,AS,1724109479
271,chonchi,-42.6128,-73.8092,3.33,86,1,0.4,CL,1724109480
272,filadelfia,39.9523,-75.1638,25.94,77,75,4.12,US,1724109360
273,le tampon,-21.2667,55.5167,15.89,56,20,3.09,RE,1724109483
274,sabang,5.8933,95.3214,28.56,70,100,7.77,ID,1724109484
275,bonthe,7.5264,-12.505,25.23,88,86,3.8,SL,1724109485
276,saint-philippe,-21.3585,55.7679,19.92,71,46,6.09,RE,1724109486
277,mbanza-ngungu,-5.25,14.8667,23.73,59,11,5.47,CD,1724109487
278,leer,53.2316,7.461,14.41,89,43,3.59,DE,1724109488
279,meadow lake,34.8014,-106.5436,37.1,21,5,4.88,US,1724109490
280,petropavlovsk-kamchatsky,53.0452,158.6483,12.33,71,75,2.0,RU,1724109491
281,nemuro,43.3236,145.575,15.42,79,100,5.09,JP,1724109492
282,yemetsk,63.4721,41.7941,13.13,95,68,2.81,RU,1724109493
283,kingston,17.997,-76.7936,30.53,74,20,7.2,JM,1724109275
284,peace river,56.2501,-117.286,25.17,43,20,4.12,CA,1724109495
285,tchaourou,8.8865,2.5975,21.95,97,100,0.33,BJ,1724109497
286,dabhol,17.6,73.1667,26.48,90,96,1.06,IN,1724109498
287,marsa alam,25.0757,34.8918,33.14,32,14,2.19,EG,1724109373
288,daru,-9.0763,143.2092,26.41,87,98,6.9,PG,1724109500
289,nar'yan-mar,67.6713,53.087,7.92,82,100,0.73,RU,1724109501
290,lorengau,-2.0226,147.2712,29.26,71,98,3.9,PG,1724109502
291,palu,-0.8917,119.8707,24.95,96,92,1.65,ID,1724109503
292,kalmunai,7.4167,81.8167,25.93,86,96,5.7,LK,1724109504
293,balabac,7.9868,117.0645,27.73,81,68,4.73,PH,1724109506
294,saipan,15.1355,145.701,31.39,70,40,6.17,MP,1724109443
295,chifeng,42.2683,118.9636,16.22,98,100,1.81,CN,1724109508
296,puerto ayacucho,5.6639,-67.6236,24.95,90,26,4.49,VE,1724109509
297,tarfaya,27.9358,-12.9218,21.76,90,92,5.93,MA,1724109510
298,berber,18.0216,33.983,29.38,60,74,5.23,SD,1724109511
299,cabinda,-5.55,12.2,21.28,93,41,2.6,AO,1724109512
300,coquimbo,-29.9533,-71.3436,11.85,75,75,1.54,CL,1724108963
301,laguna,38.421,-121.4238,33.86,21,0,5.14,US,1724109515
302,mahina,-17.5065,-149.489,27.87,61,20,5.14,PF,1724109516
303,happy valley-goose bay,53.3168,-60.3315,13.17,88,100,4.63,CA,1724109246
304,karukh,34.4811,62.5863,17.08,27,0,5.87,AF,1724109518
305,chibougamau,49.9168,-74.3659,11.79,82,100,4.63,CA,1724109519
306,mili,6.0815,171.735,28.03,77,100,3.85,MH,1724109520
307,nova vicosa,-17.8919,-39.3719,22.38,78,25,4.01,BR,1724109521
308,galle,6.0367,80.217,27.18,85,100,3.33,LK,1724109523
309,kijang,35.2442,129.2139,26.85,88,46,5.05,KR,1724109526
310,charcas,23.1333,-101.1167,23.59,39,100,7.35,MX,1724109527
311,kruisfontein,-34.0033,24.7314,14.22,35,0,2.71,ZA,1724109528
312,zaozersk,69.4005,32.4476,11.4,85,99,4.13,RU,1724109529
313,kaa-khem,51.6833,94.7333,13.72,83,38,1.53,RU,1724109531
314,mejit,10.2753,170.8646,28.04,82,100,6.67,MH,1724109532
315,ola,59.5833,151.2833,14.11,63,7,0.93,RU,1724109533
316,santo antonio do ica,-3.1022,-67.9397,28.79,55,64,1.2,BR,1724109535
317,east london,-33.0153,27.9116,19.0,34,0,3.18,ZA,1724109536
318,borovskoy,53.8,64.15,12.02,93,5,2.91,KZ,1724109537
319,gustavsberg,59.3268,18.3898,11.94,82,100,2.81,SE,1724109539
320,amasra,41.7463,32.3863,21.19,78,0,2.08,TR,1724109541
321,vorgashor,67.5833,63.95,4.12,86,12,1.52,RU,1724109542
322,sungailiat,-1.85,106.1333,26.64,82,100,3.61,ID,1724109543
323,saacow,1.6279,42.4407,23.81,75,63,7.72,SO,1724109544
324,vanimo,-2.6741,141.3028,26.23,85,100,2.17,PG,1724109545
325,ljusdal,61.8288,16.0913,12.8,61,100,1.95,SE,1724109547
326,hanzhong,33.0728,107.0303,20.23,93,30,0.93,CN,1724109548
327,al muwayh,22.4333,41.7583,31.35,26,88,5.28,SA,1724109549
328,leava,-14.3,-178.1667,26.7,82,3,8.54,WF,1724109550
329,fort mcmurray,56.7268,-111.381,21.77,78,75,2.57,CA,1724109551
330,wainwright,52.839,-110.8572,33.15,23,19,5.15,CA,1724109552
331,vokhtoga,58.8147,41.0461,14.48,83,100,1.6,RU,1724109553
332,la passe,45.5549,-0.8967,16.86,78,0,2.76,FR,1724109555
333,troitsko-pechorsk,62.7084,56.1964,10.17,93,10,0.84,RU,1724109556
334,nuuk,64.1835,-51.7216,4.93,75,16,6.71,GL,1724109557
335,bandar-e genaveh,29.5791,50.517,32.73,79,1,2.57,IR,1724109558
336,barra de santo antonio,-9.4047,-35.5072,24.06,78,89,4.17,BR,1724109559
337,humaita,-7.5061,-63.0208,31.73,33,51,1.35,BR,1724109560
338,nadym,65.5333,72.5167,9.19,78,75,2.39,RU,1724109561
339,grand-bassam,5.2118,-3.7388,23.98,90,100,3.67,CI,1724109563
340,lubango,-14.9172,13.4925,15.93,23,0,2.37,AO,1724109564
341,angaur state,6.906,134.13,28.98,76,52,4.27,PW,1724109565
342,illizi,26.4833,8.4667,35.14,16,2,3.18,DZ,1724109566
343,broome,42.2506,-75.833,16.98,79,100,5.14,US,1724109567
344,newman,37.3138,-121.0208,36.54,10,0,1.27,US,1724109568
345,dickinson,29.4608,-95.0513,36.03,64,20,4.63,US,1724109570
346,mizdah,31.4451,12.9801,24.53,60,0,3.18,LY,1724109571
347,copala,16.65,-98.9833,29.09,71,89,3.17,MX,1724109572
348,al ghayzah,16.2079,52.176,24.98,90,94,2.33,YE,1724109573
349,isola di capo rizzuto,38.96,17.0933,25.36,55,24,4.45,IT,1724109574
350,al ain city,24.1917,55.7606,33.79,46,0,5.66,AE,1724109575
351,fort st. john,56.2499,-120.8529,20.94,46,75,8.23,CA,1724109566
352,pocone,-16.2567,-56.6228,30.94,19,2,2.1,BR,1724109579
353,ndele,8.4109,20.6473,20.87,96,60,0.84,CF,1724109580
354,kegeyli shahar,42.7767,59.6078,19.97,43,0,2.22,UZ,1724109581
355,prince george,53.9166,-122.753,21.69,58,75,5.14,CA,1724109308
356,poplar bluff,36.757,-90.3929,29.37,53,20,4.12,US,1724109583
357,longquan,24.6719,102.1613,18.77,99,100,0.72,CN,1724109584
358,gradiska,45.1411,17.25,20.14,97,100,2.19,BA,1724109586
359,novodvinsk,64.4165,40.8122,13.86,93,82,3.65,RU,1724109587
360,dabakala,8.3667,-4.4333,23.95,87,51,1.99,CI,1724109588
361,sur,22.5667,59.5289,27.06,77,35,5.46,OM,1724109589
362,kamaishi,39.2667,141.8833,25.4,76,42,2.03,JP,1724109590
363,binh long,11.6512,106.6071,24.36,94,36,1.7,VN,1724109591
364,kharp,66.8014,65.8081,7.61,82,75,3.91,RU,1724109592
365,yuzhno-kurilsk,44.0306,145.8556,16.62,77,77,0.67,RU,1724109593
366,inirida,3.8653,-67.9239,28.49,65,100,0.34,CO,1724109595
367,turpan,42.9333,89.1667,29.74,31,90,1.41,CN,1724109596
368,wick,58.4333,-3.0833,13.03,100,40,2.57,GB,1724109597
369,umm kaddadah,13.6017,26.6876,27.57,58,100,6.23,SD,1724109598
370,langres,47.8333,5.3333,13.21,86,53,1.54,FR,1724109599
371,rizhao,35.4275,119.4553,24.21,99,99,1.5,CN,1724109600
372,minas,-34.3759,-55.2377,10.96,96,100,6.82,UY,1724109601
373,elesbao veloso,-6.2019,-42.1403,28.05,28,37,1.6,BR,1724109603
374,carnarvon,-24.8667,113.6333,15.59,66,1,4.58,AU,1724109604
375,kemijarvi,66.7131,27.4306,8.73,92,8,2.54,FI,1724109605
376,hasaki,35.7333,140.8333,27.12,87,100,2.88,JP,1724109607
377,tralee,52.2704,-9.7026,13.29,91,90,4.23,IE,1724109609
378,northam,51.0333,-4.2167,15.9,97,73,5.6,GB,1724109611
379,tambopata,-12.7333,-69.1833,28.94,74,0,1.03,PE,1724109612
380,coyhaique,-45.5752,-72.0662,-0.49,93,8,1.49,CL,1724109613
381,olinda,-8.0089,-34.8553,25.85,73,75,4.63,BR,1724109470
382,rantauprapat,2.1,99.8333,22.74,99,100,0.78,ID,1724109615
383,tongouson,5.0214,120.1328,28.73,76,20,3.74,PH,1724109616
384,hammerfest,70.6634,23.6821,12.25,82,75,6.69,NO,1724109618
385,uricani,45.3373,23.1524,18.66,44,51,0.78,RO,1724109619
386,ocho rios,18.4025,-77.1048,29.48,75,33,5.33,JM,1724109602
387,itacarambi,-15.1022,-44.0919,24.07,32,6,0.5,BR,1724109621
388,mendoza,-32.8908,-68.8272,5.68,89,99,4.27,AR,1724108934
389,alo,6.5486,4.2686,24.23,91,100,3.62,NG,1724109623
390,moree,-29.4667,149.85,16.07,76,0,8.58,AU,1724109624
391,callao,-12.0667,-77.15,19.84,77,75,6.17,PE,1724109625
392,vilyuysk,63.7553,121.6247,16.4,88,97,2.01,RU,1724109627
393,ponta delgada,37.7333,-25.6667,23.4,83,20,2.06,PT,1724109628
394,mugia,43.1041,-9.2179,19.39,85,31,1.83,ES,1724109629
395,bubaque,11.2833,-15.8333,26.72,84,100,6.36,GW,1724109630
396,lamu,-2.2717,40.902,24.31,84,14,7.91,KE,1724109631
397,sirohi,24.8833,72.8667,26.09,75,87,2.59,IN,1724109632
398,tidjikja,18.5564,-11.4271,30.52,49,16,5.57,MR,1724109634
399,hamlin,43.3031,-77.9211,17.1,45,100,3.87,US,1724109464
400,cidreira,-30.1811,-50.2056,15.92,95,98,3.84,BR,1724109636
401,kargasok,59.0556,80.8572,12.53,94,89,2.36,RU,1724109637
402,isangel,-19.55,169.2667,24.06,88,75,0.0,VU,1724109638
403,al hudaydah,14.7978,42.9545,31.49,65,100,1.0,YE,1724109639
404,cabo san lucas,22.8909,-109.9124,33.17,48,20,4.63,MX,1724109640
405,valdosta,30.8327,-83.2785,29.99,73,40,0.0,US,1724109402
406,igboho,8.8333,3.75,21.53,98,100,2.15,NG,1724109643
407,lospalos,-8.5186,127.0025,22.17,79,67,3.56,TL,1724109644
408,tofol,5.3248,163.0078,28.55,68,57,1.96,FM,1724109645
409,alpu,39.769,30.9606,21.3,68,0,3.37,TR,1724109646
410,upata,8.0086,-62.3989,23.82,83,94,1.3,VE,1724109647
411,dhidhdhoo,6.8833,73.1,27.73,79,86,9.55,MV,1724109648
412,nishinoomote,30.7333,131.0,29.15,82,57,6.01,JP,1724109650
413,mananjary,-21.2167,48.3333,20.14,71,100,1.96,MG,1724109651
414,fabero,42.7738,-6.6182,19.23,64,0,1.34,ES,1724109652
415,lerwick,60.1545,-1.1494,12.89,97,100,8.78,GB,1724109434
416,faya-largeau,17.9257,19.1043,27.83,68,100,9.09,TD,1724109654
417,boca do acre,-8.7522,-67.3978,31.73,33,80,1.11,BR,1724109655
418,puerto carreno,6.189,-67.4859,31.99,58,20,0.0,CO,1724109603
419,vila franca do campo,37.7167,-25.4333,23.23,85,17,0.64,PT,1724109658
420,alofi,-19.0595,-169.9187,27.94,69,40,5.66,NU,1724109659
421,prince rupert,54.3161,-130.3201,17.05,83,100,6.17,CA,1724109660
422,prabumulih,-3.45,104.25,21.77,99,85,1.39,ID,1724109661
423,manismata,-2.4667,111.0333,24.14,93,100,1.27,ID,1724109662
424,aldan,58.6031,125.3894,18.66,66,96,2.26,RU,1724109663
425,parsabad,39.6482,47.9174,23.04,68,0,2.47,IR,1724109664
426,kuqa,41.7278,82.9364,26.04,30,88,1.26,CN,1724109666
427,shahdol,23.2833,81.35,24.49,86,83,0.88,IN,1724109667
428,crane,31.3974,-102.3501,37.18,17,69,6.58,US,1724109668
429,manaure,11.7751,-72.4445,32.23,55,0,8.5,CO,1724109669
430,moshi,-3.35,37.3333,18.5,68,11,1.03,TZ,1724109670
431,chos malal,-37.3781,-70.2709,1.34,97,99,2.86,AR,1724109671
432,chinde,26.8212,87.7095,24.0,90,97,0.54,NP,1724109672
433,bartica,6.4,-58.6167,26.37,81,69,2.71,GY,1724109493
434,plouzane,48.3833,-4.6167,18.1,100,100,5.66,FR,1724109675
435,mohr,54.3528,9.7167,15.08,85,89,2.06,DE,1724109676
436,harstad,68.799,16.5293,10.09,92,43,4.47,NO,1724109677
437,constitucion,-35.3333,-72.4167,7.66,71,100,3.29,CL,1724109541
438,ciudad acuna,29.3232,-100.9522,40.16,26,20,6.69,MX,1724109680
439,kenai,60.5544,-151.2583,18.9,51,0,6.69,US,1724109608
440,taltal,-25.4,-70.4833,15.14,77,24,1.38,CL,1724109683
441,sinop,41.7711,34.8709,20.27,49,0,2.66,TR,1724109684
442,ujae,8.9322,165.7642,27.84,81,100,5.83,MH,1724109685
443,yeniseysk,58.4497,92.1703,13.52,97,100,1.6,RU,1724109686
444,deschutes river woods,43.9915,-121.3584,26.35,29,100,1.34,US,1724109687
445,ridgecrest,35.6225,-117.6709,40.92,4,0,7.2,US,1724109688
446,antsiranana,-12.2787,49.2917,21.93,66,65,8.77,MG,1724109690
447,palmer,42.1584,-72.3287,21.95,75,100,7.2,US,1724109691
448,duong dong,10.2167,103.9667,27.0,94,40,1.03,VN,1724109692
449,hola,51.5377,23.1902,19.64,97,44,3.14,PL,1724109693
450,chabahar,25.2919,60.643,27.14,85,90,2.09,IR,1724109694
451,queenstown,-31.8976,26.8753,12.75,15,0,2.81,ZA,1724109695
452,misratah,32.3754,15.0925,27.15,71,0,1.51,LY,1724109696
453,vila velha,-20.3297,-40.2925,22.97,82,0,7.2,BR,1724109589
454,nueva esperanza,15.2667,-87.6,26.34,95,49,1.69,HN,1724109700
455,piracanjuba,-17.3028,-49.0167,24.44,19,0,1.48,BR,1724109701
456,beihai,21.4833,109.1,29.41,81,100,6.48,CN,1724109702
457,adrar,20.5022,-10.0711,32.95,37,34,6.97,MR,1724109703
458,penzance,50.1186,-5.5371,16.38,90,61,6.37,GB,1724109705
459,rmi capitol,7.0893,171.3805,29.97,74,100,6.69,MH,1724109706
460,agnibilekrou,7.1344,-3.2047,23.14,87,100,1.99,CI,1724109707
461,bhindar,24.5,74.1833,25.15,81,95,1.51,IN,1724109708
462,spassk-ryazanskiy,54.4072,40.3806,19.08,67,10,3.45,RU,1724109709
463,fisterra,42.9049,-9.2629,18.98,87,11,3.21,ES,1724109710
464,akureyri,65.6835,-18.0878,5.96,93,100,5.14,IS,1724109711
465,sangin,32.0728,64.8359,28.36,18,0,2.88,AF,1724109713
466,flying fish cove,-10.4217,105.6791,23.82,94,75,4.12,CX,1724109714
467,cidade velha,14.9167,-23.6167,27.26,74,40,1.03,CV,1724109715
468,walvis bay,-22.9575,14.5053,13.85,80,0,2.72,NA,1724109717
469,port shepstone,-30.7414,30.455,17.66,83,0,5.06,ZA,1724109718
470,chokwe,-24.5333,32.9833,15.86,90,0,1.81,MZ,1724109719
471,caleta de carquin,-11.0925,-77.6267,17.87,79,8,5.05,PE,1724109721
472,miringa,10.7312,12.1463,19.26,95,97,1.74,NG,1724109722
473,maumere,-8.6199,122.2111,24.33,78,41,2.5,ID,1724109723
474,belyy yar,53.6039,91.3903,10.94,100,0,1.0,RU,1724109724
475,chiredzi,-21.05,31.6667,15.22,47,0,2.47,ZW,1724109725
476,souillac,-20.5167,57.5167,21.21,64,75,5.14,MU,1724109726
477,weno,7.4515,151.8468,31.97,74,75,4.12,FM,1724109728
478,burang,30.25,81.1667,8.79,87,97,2.44,CN,1724109729
479,sabha,27.0377,14.4283,35.29,16,0,2.01,LY,1724109730
480,okhotsk,59.3833,143.3,15.75,69,0,2.56,RU,1724109731
481,alpine,32.835,-116.7664,32.97,31,0,4.63,US,1724109622
482,naze,28.3667,129.4833,29.51,77,53,5.28,JP,1724109733
483,arraial do cabo,-22.9661,-42.0278,22.98,83,0,7.2,BR,1724109734
484,yorkton,51.2167,-102.4677,26.91,61,40,5.14,CA,1724109735
485,olyokminsk,60.3736,120.4264,17.89,96,100,1.76,RU,1724109737
486,puerto aysen,-45.4,-72.7,2.01,97,13,1.61,CL,1724109482
487,wellston,39.1234,-82.5329,22.94,56,31,3.23,US,1724109509
488,sault ste. marie,46.5168,-84.3333,19.16,45,0,5.66,CA,1724109717
489,taber,49.8167,-112.1518,34.0,15,3,0.51,CA,1724109742
490,hadibu,12.65,54.0333,25.74,83,62,7.95,YE,1724109745
491,phrai bueng,14.7483,104.3626,24.61,93,100,2.27,TH,1724109746
492,mazara del vallo,37.6641,12.588,25.56,77,19,8.11,IT,1724109747
493,tazacorte,28.629,-17.9293,22.54,94,100,7.2,ES,1724109748
494,claveria,18.6074,121.0832,27.91,72,100,0.08,PH,1724109749
495,vondrozo,-22.8167,47.2833,15.19,84,99,0.79,MG,1724109750
496,zhenlai,45.8495,123.2973,17.88,93,100,5.01,CN,1724109752
497,dutse,11.7594,9.3392,21.77,87,95,2.92,NG,1724109753
498,norfolk,42.1668,-71.2495,25.06,91,100,0.45,US,1724109636
499,tukrah,32.5341,20.5791,30.83,41,0,2.09,LY,1724109755
500,tottori,35.5,134.2333,29.04,70,75,2.57,JP,1724109756
501,passo fundo,-28.2628,-52.4067,21.14,64,75,0.0,BR,1724109757
502,oranjemund,-28.55,16.4333,12.26,86,0,2.24,NA,1724109758
503,east ballina,-28.8667,153.5833,16.77,80,61,0.86,AU,1724109760
504,la paz,-16.5,-68.15,10.99,43,20,4.12,BO,1724109511
505,san andres,12.5847,-81.7006,31.01,79,75,3.6,CO,1724109469
506,tsiombe,-25.3,45.4833,19.7,72,0,6.08,MG,1724109763
507,west hattiesburg,31.3191,-89.3751,34.81,40,0,3.6,US,1724109764
508,karabar,-35.3753,149.2308,11.57,87,75,0.0,AU,1724109765
509,markovo,57.3206,107.0881,16.7,99,100,0.5,RU,1724109766
510,tanjung pandan,-2.75,107.65,24.02,86,92,3.18,ID,1724109768
511,severo-yeniseyskiy,60.3725,93.0408,9.86,98,98,1.83,RU,1724109769
512,bowen,-20.0167,148.2333,21.36,76,15,5.73,AU,1724109770
513,yigo village,13.5361,144.8886,30.62,77,20,5.14,GU,1724109771
514,guiuan,11.0333,125.7247,29.56,74,16,6.38,PH,1724109772
515,ciudad cuauhtemoc,22.1833,-97.8333,31.06,70,75,3.09,MX,1724109773
516,broken hill,-31.95,141.4333,18.1,28,30,11.69,AU,1724109774
517,ankeny,41.7297,-93.6058,25.87,58,0,0.89,US,1724109776
518,katabu,-4.9333,122.5167,24.66,82,60,2.47,ID,1724109777
519,haiku-pauwela,20.9219,-156.3051,28.43,71,40,8.23,US,1724109778
520,lincoln,40.8,-96.667,28.95,58,20,4.63,US,1724109749
521,baiti,13.745,-14.7482,24.79,95,100,2.99,SN,1724109780
522,as sulayyil,20.4607,45.5779,34.94,23,100,3.12,SA,1724109781
523,cill airne,52.05,-9.5167,13.72,92,74,2.96,IE,1724109782
524,aladag,37.5485,35.396,21.96,77,0,0.65,TR,1724109784
525,mata-utu,-13.2816,-176.1745,26.91,82,21,7.5,WF,1724109785
526,zelenogorsk,56.1147,94.5861,12.75,95,72,1.73,RU,1724109786
527,hassan,13.0006,76.0994,21.54,95,100,2.16,IN,1724109787
528,"laikit, laikit ii (dimembe)",1.4792,124.9735,26.47,74,40,0.51,ID,1724109788
529,gizo,-8.103,156.8419,27.15,81,99,5.03,SB,1724109789
530,coahuayana de hidalgo,18.7,-103.6583,30.23,66,100,0.12,MX,1724109790
531,majene,-3.5403,118.9707,24.39,89,77,5.08,ID,1724109792
532,capao bonito,-24.0058,-48.3494,20.7,36,0,1.2,BR,1724109793
533,jedrzejow,50.6394,20.3045,18.97,90,100,1.79,PL,1724109637
534,turtas,58.9417,69.1325,10.84,97,77,1.57,RU,1724109795
535,lata,40.1629,-8.3327,13.81,98,1,1.13,PT,1724109796
536,teknaf,20.8624,92.3058,26.2,90,100,4.07,BD,1724109797
537,perryville,37.7242,-89.8612,26.78,61,100,2.57,US,1724109798
538,mar del plata,-38.0023,-57.5575,6.08,75,75,6.71,AR,1724109683
539,butembo,0.15,29.2833,14.3,95,19,0.66,CD,1724109801
540,gemena,3.25,19.7667,23.15,73,84,0.4,CD,1724109802
541,azovo,54.6997,73.0237,12.46,95,61,2.73,RU,1724109803
542,buchanan,5.8808,-10.0467,24.84,89,100,3.24,LR,1724109804
543,banjarmasin,-3.3244,114.591,24.08,88,10,0.91,ID,1724109619
544,pangody,65.85,74.4859,9.3,78,83,2.75,RU,1724109806
545,midvagur,62.0511,-7.1939,11.46,93,100,4.12,FO,1724109808
546,porto franco,-6.3383,-47.3992,30.55,26,59,1.59,BR,1724109809
547,galesong,-5.3166,119.3661,25.23,66,15,1.93,ID,1724109810
548,fayroz koh,34.5195,65.2509,10.82,47,0,0.83,AF,1724109811
549,livingstone,-17.8419,25.8543,15.48,22,1,2.19,ZM,1724109812
550,cervantes,-39.05,-67.3833,8.77,42,99,5.26,AR,1724109813
551,huarmey,-10.0681,-78.1522,18.68,77,4,5.05,PE,1724109814
552,port augusta,-32.5,137.7667,16.0,51,2,6.05,AU,1724109816
553,chui,-33.6971,-53.4616,12.61,94,78,5.12,UY,1724109817
554,kisangani,0.5167,25.2,23.95,81,98,1.24,CD,1724109818
555,rawson,-43.3002,-65.1023,3.16,75,0,2.06,AR,1724109804
556,salmon arm,50.6998,-119.3024,29.06,39,98,2.06,CA,1724109557
557,jijiga,9.35,42.8,20.23,58,87,5.59,ET,1724109821
558,baise city,23.8997,106.6133,28.52,99,73,1.1,CN,1724109822
559,bathsheba,13.2167,-59.5167,28.34,83,20,6.17,BB,1724109824
